{"-0.461389": 1}
{"-104.673178": 1}
{"-112.011583": 1}
{"-115.15225": 1}
{"-118.408075": 1}
{"-122.374889": 1}
{"-3.566764": 1}
{"-73.778925": 1}
{"-80.290556": 1}
{"-80.943139": 1}
{"-84.428067": 1}
{"-87.904842": 1}
{"-95.341442": 1}
{"-97.037997": 1}
{"100.747283": 1}
{"101.709917": 1}
{"103.994433": 1}
{"106.655897": 1}
{"11.786086": 1}
{"113.298786": 1}
{"113.914603": 1}
{"116.584556": 1}
{"12.250797": 1}
{"121.805214": 1}
{"139.779694": 1}
{"2.55": 1}
{"28.814606": 1}
{"4.763889": 1}
{"55.364444": 1}
{"8.543125": 1}
